{"iteration": 1, "a": 0.0, "b": 25.0, "c": 12.5, "error": 131.25}
{"iteration": 1, "a": 0.0, "b": 25.0, "c": 12.5, "error": 131.25}
{"iteration": 2, "a": 0.0, "b": 12.5, "c": 6.25, "error": 14.0625}
{"iteration": 3, "a": 0.0, "b": 6.25, "c": 3.125, "error": 15.234375}
{"iteration": 4, "a": 3.125, "b": 6.25, "c": 4.6875, "error": 3.02734375}
{"iteration": 5, "a": 4.6875, "b": 6.25, "c": 5.46875, "error": 4.9072265625}
{"iteration": 6, "a": 4.6875, "b": 5.46875, "c": 5.078125, "error": 0.787353515625}
{"iteration": 7, "a": 4.6875, "b": 5.078125, "c": 4.8828125, "error": 1.15814208984375}
{"iteration": 8, "a": 4.8828125, "b": 5.078125, "c": 4.98046875, "error": 0.1949310302734375}
{"iteration": 9, "a": 4.98046875, "b": 5.078125, "c": 5.029296875, "error": 0.2938270568847656}
{"iteration": 10, "a": 4.98046875, "b": 5.029296875, "c": 5.0048828125, "error": 0.048851966857910156}
{"iteration": 11, "a": 4.98046875, "b": 5.0048828125, "c": 4.99267578125, "error": 0.07318854331970215}
{"iteration": 12, "a": 4.99267578125, "b": 5.0048828125, "c": 4.998779296875, "error": 0.012205541133880615}
{"iteration": 13, "a": 4.998779296875, "b": 5.0048828125, "c": 5.0018310546875, "error": 0.018313899636268616}
{"iteration": 14, "a": 4.998779296875, "b": 5.0018310546875, "c": 5.00030517578125, "error": 0.0030518509447574615}
{"iteration": 15, "a": 4.998779296875, "b": 5.00030517578125, "c": 4.999542236328125, "error": 0.0045774271711707115}
{"iteration": 16, "a": 4.999542236328125, "b": 5.00030517578125, "c": 4.9999237060546875, "error": 0.0007629336323589087}
{"iteration": 17, "a": 4.9999237060546875, "b": 5.00030517578125, "c": 5.000114440917969, "error": 0.0011444222764112055}
{"iteration": 18, "a": 4.9999237060546875, "b": 5.000114440917969, "c": 5.000019073486328, "error": 0.0001907352270791307}
{"iteration": 19, "a": 4.9999237060546875, "b": 5.000019073486328, "c": 4.999971389770508, "error": 0.0002861014763766434}
{"iteration": 20, "a": 4.999971389770508, "b": 5.000019073486328, "c": 4.999995231628418, "error": 4.7683693082944956e-05}
{"iteration": 21, "a": 4.999995231628418, "b": 5.000019073486328, "c": 5.000007152557373, "error": 7.152562488954572e-05}
{"iteration": 22, "a": 4.999995231628418, "b": 5.000007152557373, "c": 5.0000011920928955, "error": 1.1920930376163597e-05}
{"iteration": 23, "a": 4.999995231628418, "b": 5.0000011920928955, "c": 4.999998211860657, "error": 1.7881390235174877e-05}
{"iteration": 24, "a": 4.999998211860657, "b": 5.0000011920928955, "c": 4.999999701976776, "error": 2.9802321499516893e-06}
{"iteration": 25, "a": 4.999999701976776, "b": 5.0000011920928955, "c": 5.000000447034836, "error": 4.470348557106263e-06}
{"iteration": 26, "a": 4.999999701976776, "b": 5.000000447034836, "c": 5.000000074505806, "error": 7.450580667978102e-07}
{"iteration": 1, "a": 0.0, "b": 25.0, "c": 12.5, "error": 131.25}
{"iteration": 1, "a": 0.0, "b": 25.0, "c": 12.5, "error": 131.25}
{"iteration": 2, "a": 0.0, "b": 12.5, "c": 6.25, "error": 14.0625}
{"iteration": 3, "a": 0.0, "b": 6.25, "c": 3.125, "error": 15.234375}
{"iteration": 4, "a": 3.125, "b": 6.25, "c": 4.6875, "error": 3.02734375}
{"iteration": 5, "a": 4.6875, "b": 6.25, "c": 5.46875, "error": 4.9072265625}
{"iteration": 6, "a": 4.6875, "b": 5.46875, "c": 5.078125, "error": 0.787353515625}
{"iteration": 7, "a": 4.6875, "b": 5.078125, "c": 4.8828125, "error": 1.15814208984375}
{"iteration": 8, "a": 4.8828125, "b": 5.078125, "c": 4.98046875, "error": 0.1949310302734375}
{"iteration": 9, "a": 4.98046875, "b": 5.078125, "c": 5.029296875, "error": 0.2938270568847656}
{"iteration": 10, "a": 4.98046875, "b": 5.029296875, "c": 5.0048828125, "error": 0.048851966857910156}
{"iteration": 11, "a": 4.98046875, "b": 5.0048828125, "c": 4.99267578125, "error": 0.07318854331970215}
{"iteration": 12, "a": 4.99267578125, "b": 5.0048828125, "c": 4.998779296875, "error": 0.012205541133880615}
{"iteration": 13, "a": 4.998779296875, "b": 5.0048828125, "c": 5.0018310546875, "error": 0.018313899636268616}
{"iteration": 14, "a": 4.998779296875, "b": 5.0018310546875, "c": 5.00030517578125, "error": 0.0030518509447574615}
{"iteration": 15, "a": 4.998779296875, "b": 5.00030517578125, "c": 4.999542236328125, "error": 0.0045774271711707115}
{"iteration": 16, "a": 4.999542236328125, "b": 5.00030517578125, "c": 4.9999237060546875, "error": 0.0007629336323589087}
{"iteration": 17, "a": 4.9999237060546875, "b": 5.00030517578125, "c": 5.000114440917969, "error": 0.0011444222764112055}
{"iteration": 18, "a": 4.9999237060546875, "b": 5.000114440917969, "c": 5.000019073486328, "error": 0.0001907352270791307}
{"iteration": 19, "a": 4.9999237060546875, "b": 5.000019073486328, "c": 4.999971389770508, "error": 0.0002861014763766434}
{"iteration": 20, "a": 4.999971389770508, "b": 5.000019073486328, "c": 4.999995231628418, "error": 4.7683693082944956e-05}
