{"iteration": 1, "a": 25.0, "b": 12.999999969702912, "c": 12.999999969702912, "error": 143.99999921227572}
{"iteration": 1, "a": 25.0, "b": 12.999999969702912, "c": 12.999999969702912, "error": 143.99999921227572}
{"iteration": 2, "a": 12.999999969702912, "b": 7.461538466982872, "c": 7.461538466982872, "error": 30.67455629426511}
{"iteration": 3, "a": 7.461538466982872, "b": 5.4060269725825645, "c": 5.4060269725825645, "error": 4.225127628290206}
{"iteration": 4, "a": 5.4060269725825645, "b": 5.015247604151789, "c": 5.015247604151789, "error": 0.15270853095025672}
{"iteration": 5, "a": 5.015247604151789, "b": 5.000023178211277, "c": 5.000023178211277, "error": 0.0002317826500046749}
{"iteration": 6, "a": 5.000023178211277, "b": 5.000000000053611, "c": 5.000000000053611, "error": 5.361115995583532e-10}
{"iteration": 1, "a": 25.0, "b": 12.999999969702912, "c": 12.999999969702912, "error": 143.99999921227572}
{"iteration": 1, "a": 25.0, "b": 12.999999969702912, "c": 12.999999969702912, "error": 143.99999921227572}
{"iteration": 2, "a": 12.999999969702912, "b": 7.461538466982872, "c": 7.461538466982872, "error": 30.67455629426511}
{"iteration": 3, "a": 7.461538466982872, "b": 5.4060269725825645, "c": 5.4060269725825645, "error": 4.225127628290206}
{"iteration": 4, "a": 5.4060269725825645, "b": 5.015247604151789, "c": 5.015247604151789, "error": 0.15270853095025672}
{"iteration": 5, "a": 5.015247604151789, "b": 5.000023178211277, "c": 5.000023178211277, "error": 0.0002317826500046749}
{"iteration": 6, "a": 5.000023178211277, "b": 5.000000000053611, "c": 5.000000000053611, "error": 5.361115995583532e-10}
{"iteration": 1, "a": 25.0, "b": 12.999999969702912, "c": 12.999999969702912, "error": 143.99999921227572}
{"iteration": 1, "a": 25.0, "b": 12.999999969702912, "c": 12.999999969702912, "error": 143.99999921227572}
{"iteration": 2, "a": 12.999999969702912, "b": 7.461538466982872, "c": 7.461538466982872, "error": 30.67455629426511}
{"iteration": 3, "a": 7.461538466982872, "b": 5.4060269725825645, "c": 5.4060269725825645, "error": 4.225127628290206}
{"iteration": 4, "a": 5.4060269725825645, "b": 5.015247604151789, "c": 5.015247604151789, "error": 0.15270853095025672}
{"iteration": 5, "a": 5.015247604151789, "b": 5.000023178211277, "c": 5.000023178211277, "error": 0.0002317826500046749}
{"iteration": 6, "a": 5.000023178211277, "b": 5.000000000053611, "c": 5.000000000053611, "error": 5.361115995583532e-10}
{"iteration": 1, "a": 25.0, "b": 12.999999969702912, "c": 12.999999969702912, "error": 143.99999921227572}
{"iteration": 1, "a": 25.0, "b": 12.999999969702912, "c": 12.999999969702912, "error": 143.99999921227572}
{"iteration": 2, "a": 12.999999969702912, "b": 7.461538466982872, "c": 7.461538466982872, "error": 30.67455629426511}
{"iteration": 3, "a": 7.461538466982872, "b": 5.4060269725825645, "c": 5.4060269725825645, "error": 4.225127628290206}
{"iteration": 4, "a": 5.4060269725825645, "b": 5.015247604151789, "c": 5.015247604151789, "error": 0.15270853095025672}
{"iteration": 5, "a": 5.015247604151789, "b": 5.000023178211277, "c": 5.000023178211277, "error": 0.0002317826500046749}
{"iteration": 6, "a": 5.000023178211277, "b": 5.000000000053611, "c": 5.000000000053611, "error": 5.361115995583532e-10}
{"iteration": 1, "a": 25.0, "b": 12.999999969702912, "c": 12.999999969702912, "error": 143.99999921227572}
{"iteration": 1, "a": 25.0, "b": 12.999999969702912, "c": 12.999999969702912, "error": 143.99999921227572}
{"iteration": 2, "a": 12.999999969702912, "b": 7.461538466982872, "c": 7.461538466982872, "error": 30.67455629426511}
{"iteration": 3, "a": 7.461538466982872, "b": 5.4060269725825645, "c": 5.4060269725825645, "error": 4.225127628290206}
{"iteration": 4, "a": 5.4060269725825645, "b": 5.015247604151789, "c": 5.015247604151789, "error": 0.15270853095025672}
{"iteration": 5, "a": 5.015247604151789, "b": 5.000023178211277, "c": 5.000023178211277, "error": 0.0002317826500046749}
{"iteration": 6, "a": 5.000023178211277, "b": 5.000000000053611, "c": 5.000000000053611, "error": 5.361115995583532e-10}
{"iteration": 1, "a": 25.0, "b": 12.999999969702912, "c": 12.999999969702912, "error": 143.99999921227572}
{"iteration": 1, "a": 25.0, "b": 12.999999969702912, "c": 12.999999969702912, "error": 143.99999921227572}
{"iteration": 2, "a": 12.999999969702912, "b": 7.461538466982872, "c": 7.461538466982872, "error": 30.67455629426511}
{"iteration": 3, "a": 7.461538466982872, "b": 5.4060269725825645, "c": 5.4060269725825645, "error": 4.225127628290206}
{"iteration": 4, "a": 5.4060269725825645, "b": 5.015247604151789, "c": 5.015247604151789, "error": 0.15270853095025672}
{"iteration": 5, "a": 5.015247604151789, "b": 5.000023178211277, "c": 5.000023178211277, "error": 0.0002317826500046749}
{"iteration": 6, "a": 5.000023178211277, "b": 5.000000000053611, "c": 5.000000000053611, "error": 5.361115995583532e-10}
{"iteration": 1, "a": 25.0, "b": 12.999999969702912, "c": 12.999999969702912, "error": 143.99999921227572}
{"iteration": 1, "a": 25.0, "b": 12.999999969702912, "c": 12.999999969702912, "error": 143.99999921227572}
{"iteration": 2, "a": 12.999999969702912, "b": 7.461538466982872, "c": 7.461538466982872, "error": 30.67455629426511}
{"iteration": 3, "a": 7.461538466982872, "b": 5.4060269725825645, "c": 5.4060269725825645, "error": 4.225127628290206}
{"iteration": 4, "a": 5.4060269725825645, "b": 5.015247604151789, "c": 5.015247604151789, "error": 0.15270853095025672}
{"iteration": 5, "a": 5.015247604151789, "b": 5.000023178211277, "c": 5.000023178211277, "error": 0.0002317826500046749}
{"iteration": 6, "a": 5.000023178211277, "b": 5.000000000053611, "c": 5.000000000053611, "error": 5.361115995583532e-10}
{"iteration": 1, "a": 25.0, "b": 12.999999969702912, "c": 12.999999969702912, "error": 143.99999921227572}
{"iteration": 1, "a": 25.0, "b": 12.999999969702912, "c": 12.999999969702912, "error": 143.99999921227572}
{"iteration": 2, "a": 12.999999969702912, "b": 7.461538466982872, "c": 7.461538466982872, "error": 30.67455629426511}
{"iteration": 3, "a": 7.461538466982872, "b": 5.4060269725825645, "c": 5.4060269725825645, "error": 4.225127628290206}
