{"iteration": 1, "a": 0.0, "b": 25.0, "c": 12.5, "error": 131.25}
{"iteration": 1, "a": 0.0, "b": 25.0, "c": 12.5, "error": 131.25}
{"iteration": 2, "a": 0.0, "b": 12.5, "c": 6.25, "error": 14.0625}
{"iteration": 3, "a": 0.0, "b": 6.25, "c": 3.125, "error": 15.234375}
{"iteration": 4, "a": 3.125, "b": 6.25, "c": 4.6875, "error": 3.02734375}
{"iteration": 5, "a": 4.6875, "b": 6.25, "c": 5.46875, "error": 4.9072265625}
{"iteration": 6, "a": 4.6875, "b": 5.46875, "c": 5.078125, "error": 0.787353515625}
