{"iteration": 1, "a": 12.5, "b": 7.249999986745024, "c": 7.249999986745024, "error": 27.56249980780285}
{"iteration": 1, "a": 12.5, "b": 7.249999986745024, "c": 7.249999986745024, "error": 27.56249980780285}
{"iteration": 2, "a": 7.249999986745024, "b": 5.349137926370087, "c": 5.349137926370087, "error": 3.613276555330877}
{"iteration": 3, "a": 5.349137926370087, "b": 5.011394107201409, "c": 5.011394107201409, "error": 0.11407089769300427}
{"iteration": 4, "a": 5.011394107201409, "b": 5.000012953137083, "c": 5.000012953137083, "error": 0.00012953153861161582}
{"iteration": 5, "a": 5.000012953137083, "b": 5.000000000016728, "c": 5.000000000016728, "error": 1.6727952356632159e-10}
{"iteration": 1, "a": 12.5, "b": 7.249999986745024, "c": 7.249999986745024, "error": 27.56249980780285}
{"iteration": 1, "a": 12.5, "b": 7.249999986745024, "c": 7.249999986745024, "error": 27.56249980780285}
{"iteration": 2, "a": 7.249999986745024, "b": 5.349137926370087, "c": 5.349137926370087, "error": 3.613276555330877}
{"iteration": 3, "a": 5.349137926370087, "b": 5.011394107201409, "c": 5.011394107201409, "error": 0.11407089769300427}
{"iteration": 4, "a": 5.011394107201409, "b": 5.000012953137083, "c": 5.000012953137083, "error": 0.00012953153861161582}
