{"iteration": 1, "a": 25.0, "b": 12.999999969702912, "c": 12.999999969702912, "error": 143.99999921227572}
{"iteration": 1, "a": 25.0, "b": 12.999999969702912, "c": 12.999999969702912, "error": 143.99999921227572}
